{
  "Total" : {
    "transaction" : "Total",
    "sampleCount" : 3326797,
    "errorCount" : 3244689,
    "errorPct" : 97.53192,
    "meanResTime" : 29.772604700558304,
    "medianResTime" : 4.0,
    "minResTime" : 0.0,
    "maxResTime" : 8986.0,
    "pct1ResTime" : 27.0,
    "pct2ResTime" : 68.0,
    "pct3ResTime" : 884.0,
    "throughput" : 5528.8675350748035,
    "receivedKBytesPerSec" : 14715.692589796085,
    "sentKBytesPerSec" : 107.15593061290329
  },
  "Client Login" : {
    "transaction" : "Client Login",
    "sampleCount" : 3326797,
    "errorCount" : 3244689,
    "errorPct" : 97.53192,
    "meanResTime" : 29.772604700558304,
    "medianResTime" : 4.0,
    "minResTime" : 0.0,
    "maxResTime" : 8986.0,
    "pct1ResTime" : 27.0,
    "pct2ResTime" : 68.0,
    "pct3ResTime" : 884.0,
    "throughput" : 5528.8675350748035,
    "receivedKBytesPerSec" : 14715.692589796085,
    "sentKBytesPerSec" : 107.15593061290329
  }
}